symbol,date,price
ABBV,2022/01/28,137.92
ACN,2022/01/28,342.85
AEP,2022/01/28,90.13
AIZ,2022/01/28,151.05
ALLE,2022/01/28,121.21
AMAT,2022/01/28,132.45
AMP,2022/01/28,298.09
AMZN,2022/01/28,2879.56
AVB,2022/01/28,243.36
AVY,2022/01/28,199.5
AXP,2022/01/28,177.06
BDX,2022/01/28,255.73
BF-B,2022/01/28,67.25
BMY,2022/01/28,64.91
BR,2022/01/28,154.15
CARR,2022/01/28,46.45
CDW,2022/01/28,184.53
CE,2022/01/28,153.18
CHTR,2022/01/28,590.47
CNC,2022/01/28,77.27
CNP,2022/01/28,27.86
COP,2022/01/28,89.22
CTAS,2022/01/28,386.31
CZR,2022/01/28,72.97
DG,2022/01/28,204.33
DPZ,2022/01/28,441.01
DRE,2022/01/28,57.19
DXC,2022/01/28,29.66
EWA,2022/01/28,22.57
EWC,2022/01/28,37.32
EWG,2022/01/28,31.48
EWH,2022/01/28,23.47
EWJ,2022/01/28,62.75
EWL,2022/01/28,48.68
EWQ,2022/01/28,37.45
EWT,2022/01/28,62.75
EWU,2022/01/28,33.74
EWY,2022/01/28,70.6
EWZ,2022/01/28,31.15
FB,2022/01/28,301.71
FTV,2022/01/28,69.71
GOOG,2022/01/28,2665.79
GPC,2022/01/28,130.33
GSG,2022/01/28,19.02
HIG,2022/01/28,71.2
HIGH.L,2022/01/28,5.432
HST,2022/01/28,16.78
HYG,2022/01/28,84.68
IAU,2022/01/28,34.03
ICLN,2022/01/28,17.76
IEAA.L,2022/01/28,5.278
IEF,2022/01/28,112.57
IEFM.L,2022/01/28,759.5
IEMG,2022/01/28,57.8
IEUS,2022/01/28,63.477
IEVL.L,2022/01/28,7.502
IGF,2022/01/28,46.53
INDA,2022/01/28,44.79
IUMO.L,2022/01/28,10.83
IUVL.L,2022/01/28,9.035
IVV,2022/01/28,443.75
IWM,2022/01/28,195.25
IXN,2022/01/28,57.86
JPEA.L,2022/01/28,5.748
JPM,2022/01/28,146.61
KR,2022/01/28,43.47
LQD,2022/01/28,127.7
MCHI,2022/01/28,59.81
MVEU.L,2022/01/28,53.47
OGN,2022/01/28,31.45
PG,2022/01/28,160.5
PPL,2022/01/28,29.68
PRU,2022/01/28,110.19
PYPL,2022/01/28,163.52
RE,2022/01/28,280.75
REET,2022/01/28,28.25
ROL,2022/01/28,29.96
ROST,2022/01/28,95.77
SEGA.L,2022/01/28,107.7
SHY,2022/01/28,84.95
SLV,2022/01/28,20.71
SPMV.L,2022/01/28,77.68
TLT,2022/01/28,143.13
UNH,2022/01/28,466.06
URI,2022/01/28,317.77
V,2022/01/28,228
VRSK,2022/01/28,193.29
VXX,2022/01/28,22.95
WRK,2022/01/28,44.42
XLB,2022/01/28,83.22
XLC,2022/01/28,72.31
XLE,2022/01/28,65.63
XLF,2022/01/28,38.72
XLI,2022/01/28,99.7
XLK,2022/01/28,158
XLP,2022/01/28,75.68
XLU,2022/01/28,67.96
XLV,2022/01/28,130.48
XLY,2022/01/28,178.1
XOM,2022/01/28,75.28
ABBV,2022/01/31,136.89
ACN,2022/01/31,353.58
AEP,2022/01/31,90.4
AIZ,2022/01/31,152.51
ALLE,2022/01/31,122.73
AMAT,2022/01/31,138.18
AMP,2022/01/31,304.31
AMZN,2022/01/31,2991.47
AVB,2022/01/31,244.23
AVY,2022/01/31,205.42
AXP,2022/01/31,179.82
BDX,2022/01/31,254.14
BF-B,2022/01/31,67.43
BMY,2022/01/31,64.89
BR,2022/01/31,159.22
CARR,2022/01/31,47.68
CDW,2022/01/31,189.05
CE,2022/01/31,155.71
CHTR,2022/01/31,593.34
CNC,2022/01/31,77.76
CNP,2022/01/31,28.36
COP,2022/01/31,88.62
CTAS,2022/01/31,391.53
CZR,2022/01/31,76.14
DG,2022/01/31,208.48
DPZ,2022/01/31,454.65
DRE,2022/01/31,57.78
DXC,2022/01/31,30.08
EWA,2022/01/31,22.84
EWC,2022/01/31,38.19
EWG,2022/01/31,32.01
EWH,2022/01/31,23.71
EWJ,2022/01/31,64.08
EWL,2022/01/31,49.33
EWQ,2022/01/31,37.89
EWT,2022/01/31,64.89
EWU,2022/01/31,33.89
EWY,2022/01/31,72.39
EWZ,2022/01/31,31.62
FB,2022/01/31,313.26
FTV,2022/01/31,70.54
GOOG,2022/01/31,2713.97
GPC,2022/01/31,133.23
GSG,2022/01/31,19.12
HIG,2022/01/31,71.87
HIGH.L,2022/01/31,5.419
HST,2022/01/31,17.34
HYG,2022/01/31,84.7
IAU,2022/01/31,34.22
ICLN,2022/01/31,18.75
IEAA.L,2022/01/31,5.26
IEF,2022/01/31,112.57
IEFM.L,2022/01/31,768.5
IEMG,2022/01/31,59.58
IEUS,2022/01/31,64.89
IEVL.L,2022/01/31,7.518
IGF,2022/01/31,47.24
INDA,2022/01/31,45.87
IUMO.L,2022/01/31,11.15
IUVL.L,2022/01/31,9.168
IVV,2022/01/31,451.77
IWM,2022/01/31,201.24
IXN,2022/01/31,59.54
JPEA.L,2022/01/31,5.76
JPM,2022/01/31,148.6
KR,2022/01/31,43.59
LQD,2022/01/31,127.76
MCHI,2022/01/31,62.6
MVEU.L,2022/01/31,53.73
OGN,2022/01/31,31.91
PG,2022/01/31,160.45
PPL,2022/01/31,29.68
PRU,2022/01/31,111.57
PYPL,2022/01/31,171.94
RE,2022/01/31,283.4
REET,2022/01/31,28.64
ROL,2022/01/31,30.85
ROST,2022/01/31,97.75
SEGA.L,2022/01/31,107.67
SHY,2022/01/31,84.95
SLV,2022/01/31,20.8
SPMV.L,2022/01/31,79.22
TLT,2022/01/31,142.39
UNH,2022/01/31,472.57
URI,2022/01/31,320.12
V,2022/01/31,226.17
VRSK,2022/01/31,196.13
VXX,2022/01/31,21.41
WRK,2022/01/31,46.16
XLB,2022/01/31,84.45
XLC,2022/01/31,73.95
XLE,2022/01/31,65.92
XLF,2022/01/31,39.06
XLI,2022/01/31,100.74
XLK,2022/01/31,161.97
XLP,2022/01/31,75.97
XLU,2022/01/31,69.25
XLV,2022/01/31,131.23
XLY,2022/01/31,184.95
XOM,2022/01/31,75.96
ABBV,2022/02/01,137
ACN,2022/02/01,353.42
AEP,2022/02/01,88.35
AIZ,2022/02/01,151.25
ALLE,2022/02/01,120
AMAT,2022/02/01,138.61
AMP,2022/02/01,308.1
AMZN,2022/02/01,3023.87
AVB,2022/02/01,244.48
AVY,2022/02/01,206.39
AXP,2022/02/01,183.54
BDX,2022/02/01,253.23
BF-B,2022/02/01,67.49
BMY,2022/02/01,65.19
BR,2022/02/01,153.33
CARR,2022/02/01,47.05
CDW,2022/02/01,189.4
CE,2022/02/01,157.63
CHTR,2022/02/01,596.89
CNC,2022/02/01,76.95
CNP,2022/02/01,28.08
COP,2022/02/01,91.54
CTAS,2022/02/01,387.32
CZR,2022/02/01,80.8
DG,2022/02/01,209.12
DPZ,2022/02/01,458.3
DRE,2022/02/01,57.21
DXC,2022/02/01,30.79
EWA,2022/02/01,23.14
EWC,2022/02/01,38.68
EWG,2022/02/01,32.28
EWH,2022/02/01,23.84
EWJ,2022/02/01,64.1
EWL,2022/02/01,50.02
EWQ,2022/02/01,38.42
EWT,2022/02/01,65.14
EWU,2022/02/01,34.28
EWY,2022/02/01,72.98
EWZ,2022/02/01,32.16
FB,2022/02/01,319
FTV,2022/02/01,70.63
GOOG,2022/02/01,2757.57
GPC,2022/02/01,134.28
GSG,2022/02/01,19.26
HIG,2022/02/01,72.12
HIGH.L,2022/02/01,5.447
HST,2022/02/01,17.37
HYG,2022/02/01,84.73
IAU,2022/02/01,34.27
ICLN,2022/02/01,18.72
IEAA.L,2022/02/01,5.266
IEF,2022/02/01,112.31
IEFM.L,2022/02/01,780.8
IEMG,2022/02/01,59.92
IEUS,2022/02/01,65.636
IEVL.L,2022/02/01,7.599
IGF,2022/02/01,47.51
INDA,2022/02/01,45.89
IUMO.L,2022/02/01,11.362
IUVL.L,2022/02/01,9.265
IVV,2022/02/01,454.89
IWM,2022/02/01,203.36
IXN,2022/02/01,59.72
JPEA.L,2022/02/01,5.764
JPM,2022/02/01,151.15
KR,2022/02/01,44.13
LQD,2022/02/01,127.73
MCHI,2022/02/01,62.99
MVEU.L,2022/02/01,54.08
OGN,2022/02/01,32.99
PG,2022/02/01,159.74
PPL,2022/02/01,29.52
PRU,2022/02/01,113.67
PYPL,2022/02/01,175.8
RE,2022/02/01,284.53
REET,2022/02/01,28.52
ROL,2022/02/01,31.03
ROST,2022/02/01,98.54
SEGA.L,2022/02/01,107.17
SHY,2022/02/01,84.92
SLV,2022/02/01,20.94
SPMV.L,2022/02/01,79.605
TLT,2022/02/01,141.72
UNH,2022/02/01,468.41
URI,2022/02/01,330.01
V,2022/02/01,232.36
VRSK,2022/02/01,196.57
VXX,2022/02/01,19.84
WRK,2022/02/01,46.32
XLB,2022/02/01,85.75
XLC,2022/02/01,74.59
XLE,2022/02/01,68.27
XLF,2022/02/01,39.6
XLI,2022/02/01,102.13
XLK,2022/02/01,162.39
XLP,2022/02/01,75.9
XLU,2022/02/01,68.33
XLV,2022/02/01,131.58
XLY,2022/02/01,186.07
XOM,2022/02/01,80.83
ABBV,2022/02/02,138.62
ACN,2022/02/02,359.47
AEP,2022/02/02,89.88
AIZ,2022/02/02,152.99
ALLE,2022/02/02,120.18
AMAT,2022/02/02,140.76
AMP,2022/02/02,313.21
AMZN,2022/02/02,3012.25
AVB,2022/02/02,251.63
AVY,2022/02/02,200.7
AXP,2022/02/02,184.16
BDX,2022/02/02,256.67
BF-B,2022/02/02,68.38
BMY,2022/02/02,64.8
BR,2022/02/02,154.3
CARR,2022/02/02,47.51
CDW,2022/02/02,194.6
CE,2022/02/02,158.85
CHTR,2022/02/02,600.24
CNC,2022/02/02,78.82
CNP,2022/02/02,28.32
COP,2022/02/02,92.21
CTAS,2022/02/02,391.45
CZR,2022/02/02,77.5
DG,2022/02/02,206.69
DPZ,2022/02/02,451.94
DRE,2022/02/02,58.86
DXC,2022/02/02,30.69
EWA,2022/02/02,23.28
EWC,2022/02/02,38.84
EWG,2022/02/02,32.36
EWH,2022/02/02,23.86
EWJ,2022/02/02,65.08
EWL,2022/02/02,50.03
EWQ,2022/02/02,38.58
EWT,2022/02/02,65.39
EWU,2022/02/02,34.59
EWY,2022/02/02,73.5
EWZ,2022/02/02,31.94
FB,2022/02/02,323
FTV,2022/02/02,71.62
GOOG,2022/02/02,2960.73
GPC,2022/02/02,135.24
GSG,2022/02/02,19.32
HIG,2022/02/02,73.12
HIGH.L,2022/02/02,5.449
HST,2022/02/02,17.18
HYG,2022/02/02,84.86
IAU,2022/02/02,34.38
ICLN,2022/02/02,18.64
IEAA.L,2022/02/02,5.26
IEF,2022/02/02,112.54
IEFM.L,2022/02/02,789.8
IEMG,2022/02/02,59.86
IEUS,2022/02/02,66.28
IEVL.L,2022/02/02,7.614
IGF,2022/02/02,47.85
INDA,2022/02/02,46.16
IUMO.L,2022/02/02,11.445
IUVL.L,2022/02/02,9.298
IVV,2022/02/02,459.26
IWM,2022/02/02,201.34
IXN,2022/02/02,60.16
JPEA.L,2022/02/02,5.805
JPM,2022/02/02,149.94
KR,2022/02/02,44.1
LQD,2022/02/02,127.74
MCHI,2022/02/02,62.45
MVEU.L,2022/02/02,54.375
OGN,2022/02/02,33.33
PG,2022/02/02,162.6
PPL,2022/02/02,29.71
PRU,2022/02/02,114.8
PYPL,2022/02/02,132.57
RE,2022/02/02,290.21
REET,2022/02/02,28.83
ROL,2022/02/02,31.46
ROST,2022/02/02,97.33
SEGA.L,2022/02/02,107.26
SHY,2022/02/02,84.94
SLV,2022/02/02,20.93
SPMV.L,2022/02/02,80.895
TLT,2022/02/02,142.2
UNH,2022/02/02,479.78
URI,2022/02/02,326.22
V,2022/02/02,235.42
VRSK,2022/02/02,200.11
VXX,2022/02/02,19.42
WRK,2022/02/02,45.86
XLB,2022/02/02,86.02
XLC,2022/02/02,76.08
XLE,2022/02/02,68.49
XLF,2022/02/02,39.87
XLI,2022/02/02,102.84
XLK,2022/02/02,163.71
XLP,2022/02/02,76.81
XLU,2022/02/02,69.34
XLV,2022/02/02,133.35
XLY,2022/02/02,184.96
XOM,2022/02/02,80.62
ABBV,2022/02/03,140.73
ACN,2022/02/03,345.55
AEP,2022/02/03,90.19
AIZ,2022/02/03,151.8
ALLE,2022/02/03,116.11
AMAT,2022/02/03,136.51
AMP,2022/02/03,304.25
AMZN,2022/02/03,2776.91
AVB,2022/02/03,250.21
AVY,2022/02/03,193.13
AXP,2022/02/03,184.04
BDX,2022/02/03,270.58
BF-B,2022/02/03,68.04
BMY,2022/02/03,64.07
BR,2022/02/03,148.39
CARR,2022/02/03,46.24
CDW,2022/02/03,192.97
CE,2022/02/03,159.87
CHTR,2022/02/03,610.45
CNC,2022/02/03,81.53
CNP,2022/02/03,28.15
COP,2022/02/03,90.87
CTAS,2022/02/03,385.08
CZR,2022/02/03,76.36
DG,2022/02/03,205.37
DPZ,2022/02/03,443.79
DRE,2022/02/03,58.8
DXC,2022/02/03,34.91
EWA,2022/02/03,23.02
EWC,2022/02/03,38.18
EWG,2022/02/03,32.07
EWH,2022/02/03,23.75
EWJ,2022/02/03,63.72
EWL,2022/02/03,48.98
EWQ,2022/02/03,38.12
EWT,2022/02/03,64.59
EWU,2022/02/03,34.24
EWY,2022/02/03,71.98
EWZ,2022/02/03,31.69
FB,2022/02/03,237.76
FTV,2022/02/03,66.05
GOOG,2022/02/03,2853.01
GPC,2022/02/03,132.76
GSG,2022/02/03,19.4
HIG,2022/02/03,72.19
HIGH.L,2022/02/03,5.413
HST,2022/02/03,17.08
HYG,2022/02/03,84.1
IAU,2022/02/03,34.36
ICLN,2022/02/03,18.17
IEAA.L,2022/02/03,5.216
IEF,2022/02/03,112.06
IEFM.L,2022/02/03,778.95
IEMG,2022/02/03,59.22
IEUS,2022/02/03,65.115
IEVL.L,2022/02/03,7.552
IGF,2022/02/03,47.63
INDA,2022/02/03,45.53
IUMO.L,2022/02/03,11.405
IUVL.L,2022/02/03,9.35
IVV,2022/02/03,448.6
IWM,2022/02/03,197.53
IXN,2022/02/03,58.36
JPEA.L,2022/02/03,5.769
JPM,2022/02/03,148.7
KR,2022/02/03,45.11
LQD,2022/02/03,126.71
MCHI,2022/02/03,62.03
MVEU.L,2022/02/03,53.36
OGN,2022/02/03,32.92
PG,2022/02/03,164.14
PPL,2022/02/03,29.68
PRU,2022/02/03,113.39
PYPL,2022/02/03,124.3
RE,2022/02/03,285.24
REET,2022/02/03,28.5
ROL,2022/02/03,30.72
ROST,2022/02/03,94.38
SEGA.L,2022/02/03,107.08
SHY,2022/02/03,84.87
SLV,2022/02/03,20.71
SPMV.L,2022/02/03,80.675
TLT,2022/02/03,141.09
UNH,2022/02/03,488.77
URI,2022/02/03,324.43
V,2022/02/03,231.54
VRSK,2022/02/03,196.94
VXX,2022/02/03,21.78
WRK,2022/02/03,46.13
XLB,2022/02/03,84.52
XLC,2022/02/03,70.99
XLE,2022/02/03,67.84
XLF,2022/02/03,39.43
XLI,2022/02/03,101.2
XLK,2022/02/03,158.96
XLP,2022/02/03,76.83
XLU,2022/02/03,69.03
XLV,2022/02/03,132.78
XLY,2022/02/03,179.3
XOM,2022/02/03,79.68
ABBV,2022/02/04,140.65
ACN,2022/02/04,347.5
AEP,2022/02/04,89.17
AIZ,2022/02/04,153.07
ALLE,2022/02/04,119.25
AMAT,2022/02/04,135.57
AMP,2022/02/04,308.1
AMZN,2022/02/04,3152.79
AVB,2022/02/04,247.3
AVY,2022/02/04,189.31
AXP,2022/02/04,185.85
BDX,2022/02/04,268.85
BF-B,2022/02/04,67.15
BMY,2022/02/04,64.99
BR,2022/02/04,149.88
CARR,2022/02/04,45.84
CDW,2022/02/04,192.3
CE,2022/02/04,156.51
CHTR,2022/02/04,608.92
CNC,2022/02/04,80.57
CNP,2022/02/04,27.89
COP,2022/02/04,91.87
CTAS,2022/02/04,381.81
CZR,2022/02/04,78.83
DG,2022/02/04,202.36
DPZ,2022/02/04,438.07
DRE,2022/02/04,57.68
DXC,2022/02/04,36.03
EWA,2022/02/04,23.11
EWC,2022/02/04,38.39
EWG,2022/02/04,31.98
EWH,2022/02/04,24.07
EWJ,2022/02/04,64.22
EWL,2022/02/04,48.87
EWQ,2022/02/04,38.22
EWT,2022/02/04,64.48
EWU,2022/02/04,34.15
EWY,2022/02/04,72.72
EWZ,2022/02/04,31.68
FB,2022/02/04,237.09
FTV,2022/02/04,64.39
GOOG,2022/02/04,2860.32
GPC,2022/02/04,129.82
GSG,2022/02/04,19.67
HIG,2022/02/04,70.52
HIGH.L,2022/02/04,5.365
HST,2022/02/04,17.46
HYG,2022/02/04,83.77
IAU,2022/02/04,34.39
ICLN,2022/02/04,18.34
IEAA.L,2022/02/04,5.173
IEF,2022/02/04,111.2
IEFM.L,2022/02/04,772.6
IEMG,2022/02/04,59.4
IEUS,2022/02/04,64.75
IEVL.L,2022/02/04,7.468
IGF,2022/02/04,47.47
INDA,2022/02/04,45.38
IUMO.L,2022/02/04,11.305
IUVL.L,2022/02/04,9.162
IVV,2022/02/04,450.85
IWM,2022/02/04,198.38
IXN,2022/02/04,58.64
JPEA.L,2022/02/04,5.735
JPM,2022/02/04,152.56
KR,2022/02/04,44.77
LQD,2022/02/04,125.45
MCHI,2022/02/04,62.4
MVEU.L,2022/02/04,52.64
OGN,2022/02/04,33.12
PG,2022/02/04,161.53
PPL,2022/02/04,29.41
PRU,2022/02/04,118.34
PYPL,2022/02/04,126.08
RE,2022/02/04,285.99
REET,2022/02/04,28.27
ROL,2022/02/04,30.45
ROST,2022/02/04,94.16
SEGA.L,2022/02/04,107.16
SHY,2022/02/04,84.7
SLV,2022/02/04,20.79
SPMV.L,2022/02/04,80.02
TLT,2022/02/04,139.01
UNH,2022/02/04,483.17
URI,2022/02/04,312.29
V,2022/02/04,228.39
VRSK,2022/02/04,197.75
VXX,2022/02/04,21
WRK,2022/02/04,45.37
XLB,2022/02/04,83.12
XLC,2022/02/04,71.17
XLE,2022/02/04,68.9
XLF,2022/02/04,40.1
XLI,2022/02/04,100.11
XLK,2022/02/04,159.6
XLP,2022/02/04,75.89
XLU,2022/02/04,68.48
XLV,2022/02/04,132.3
XLY,2022/02/04,184.4
XOM,2022/02/04,81.41
ABBV,2022/02/07,142.53
ACN,2022/02/07,343.96
AEP,2022/02/07,89.81
AIZ,2022/02/07,152.74
ALLE,2022/02/07,120.46
AMAT,2022/02/07,136.13
AMP,2022/02/07,311.91
AMZN,2022/02/07,3158.71
AVB,2022/02/07,244.37
AVY,2022/02/07,181.47
AXP,2022/02/07,187.87
BDX,2022/02/07,269.27
BF-B,2022/02/07,67.18
BMY,2022/02/07,66.19
BR,2022/02/07,147.87
CARR,2022/02/07,45.72
CDW,2022/02/07,191.31
CE,2022/02/07,155.1
CHTR,2022/02/07,610.75
CNC,2022/02/07,80.79
CNP,2022/02/07,28.08
COP,2022/02/07,92.94
CTAS,2022/02/07,379.87
CZR,2022/02/07,80.75
DG,2022/02/07,200.59
DPZ,2022/02/07,434.36
DRE,2022/02/07,57.31
DXC,2022/02/07,37.33
EWA,2022/02/07,23.3
EWC,2022/02/07,38.56
EWG,2022/02/07,31.98
EWH,2022/02/07,24.13
EWJ,2022/02/07,64.26
EWL,2022/02/07,48.87
EWQ,2022/02/07,38.27
EWT,2022/02/07,64.76
EWU,2022/02/07,34.34
EWY,2022/02/07,72.96
EWZ,2022/02/07,32.05
FB,2022/02/07,224.91
FTV,2022/02/07,63.88
GOOG,2022/02/07,2778.76
GPC,2022/02/07,128.21
GSG,2022/02/07,19.63
HIG,2022/02/07,70.23
HIGH.L,2022/02/07,5.332
HST,2022/02/07,17.84
HYG,2022/02/07,83.71
IAU,2022/02/07,34.66
ICLN,2022/02/07,18.23
IEAA.L,2022/02/07,5.154
IEF,2022/02/07,111.23
IEFM.L,2022/02/07,778.9
IEMG,2022/02/07,59.35
IEUS,2022/02/07,64.29
IEVL.L,2022/02/07,7.509
IGF,2022/02/07,47.45
INDA,2022/02/07,44.93
IUMO.L,2022/02/07,11.44
IUVL.L,2022/02/07,9.232
IVV,2022/02/07,449.25
IWM,2022/02/07,199.36
IXN,2022/02/07,58.21
JPEA.L,2022/02/07,5.728
JPM,2022/02/07,153.07
KR,2022/02/07,44.67
LQD,2022/02/07,125.68
MCHI,2022/02/07,61.97
MVEU.L,2022/02/07,52.76
OGN,2022/02/07,33.52
PG,2022/02/07,160.32
PPL,2022/02/07,29.29
PRU,2022/02/07,119.27
PYPL,2022/02/07,121.41
RE,2022/02/07,286.76
REET,2022/02/07,28.14
ROL,2022/02/07,30.49
ROST,2022/02/07,93.35
SEGA.L,2022/02/07,106.82
SHY,2022/02/07,84.72
SLV,2022/02/07,21.27
SPMV.L,2022/02/07,80.11
TLT,2022/02/07,139.1
UNH,2022/02/07,483.7
URI,2022/02/07,315.78
V,2022/02/07,227.16
VRSK,2022/02/07,197.03
VXX,2022/02/07,20.42
WRK,2022/02/07,45.29
XLB,2022/02/07,82.71
XLC,2022/02/07,69.93
XLE,2022/02/07,69.78
XLF,2022/02/07,40.22
XLI,2022/02/07,100.19
XLK,2022/02/07,158.54
XLP,2022/02/07,76.03
XLU,2022/02/07,68.38
XLV,2022/02/07,132.07
XLY,2022/02/07,184.02
XOM,2022/02/07,82.39
ABBV,2022/02/08,143.51
ACN,2022/02/08,345.07
AEP,2022/02/08,90.2
AIZ,2022/02/08,156.04
ALLE,2022/02/08,121.72
AMAT,2022/02/08,138.75
AMP,2022/02/08,315.32
AMZN,2022/02/08,3228.27
AVB,2022/02/08,240.49
AVY,2022/02/08,184.34
AXP,2022/02/08,194
BDX,2022/02/08,276.49
BF-B,2022/02/08,67.46
BMY,2022/02/08,65.89
BR,2022/02/08,148.8
CARR,2022/02/08,46.06
CDW,2022/02/08,194.76
CE,2022/02/08,158.28
CHTR,2022/02/08,609.12
CNC,2022/02/08,85.67
CNP,2022/02/08,28.19
COP,2022/02/08,91.33
CTAS,2022/02/08,383.55
CZR,2022/02/08,82.36
DG,2022/02/08,202.77
DPZ,2022/02/08,438.73
DRE,2022/02/08,57.09
DXC,2022/02/08,38.82
EWA,2022/02/08,23.74
EWC,2022/02/08,38.76
EWG,2022/02/08,32.1
EWH,2022/02/08,24.34
EWJ,2022/02/08,64.63
EWL,2022/02/08,48.85
EWQ,2022/02/08,38.45
EWT,2022/02/08,65.42
EWU,2022/02/08,34.49
EWY,2022/02/08,73.18
EWZ,2022/02/08,32.11
FB,2022/02/08,220.18
FTV,2022/02/08,65.57
GOOG,2022/02/08,2784.26
GPC,2022/02/08,130.12
GSG,2022/02/08,19.41
HIG,2022/02/08,72.76
HIGH.L,2022/02/08,5.352
HST,2022/02/08,18.17
HYG,2022/02/08,83.62
IAU,2022/02/08,34.73
ICLN,2022/02/08,18.27
IEAA.L,2022/02/08,5.158
IEF,2022/02/08,110.87
IEFM.L,2022/02/08,771.2
IEMG,2022/02/08,59.86
IEUS,2022/02/08,64.33
IEVL.L,2022/02/08,7.569
IGF,2022/02/08,47.78
INDA,2022/02/08,45.09
IUMO.L,2022/02/08,11.415
IUVL.L,2022/02/08,9.252
IVV,2022/02/08,452.82
IWM,2022/02/08,202.76
IXN,2022/02/08,58.95
JPEA.L,2022/02/08,5.695
JPM,2022/02/08,155.95
KR,2022/02/08,45.5
LQD,2022/02/08,125.21
MCHI,2022/02/08,62.66
MVEU.L,2022/02/08,52.68
OGN,2022/02/08,33.75
PG,2022/02/08,159.96
PPL,2022/02/08,29.53
PRU,2022/02/08,121.33
PYPL,2022/02/08,120.26
RE,2022/02/08,290.37
REET,2022/02/08,28.02
ROL,2022/02/08,30.41
ROST,2022/02/08,95.48
SEGA.L,2022/02/08,106.03
SHY,2022/02/08,84.63
SLV,2022/02/08,21.45
SPMV.L,2022/02/08,80.16
TLT,2022/02/08,138.17
UNH,2022/02/08,493.41
URI,2022/02/08,323.39
V,2022/02/08,227.94
VRSK,2022/02/08,198.19
VXX,2022/02/08,19.5
WRK,2022/02/08,47.12
XLB,2022/02/08,83.99
XLC,2022/02/08,69.9
XLE,2022/02/08,68.28
XLF,2022/02/08,40.78
XLI,2022/02/08,101.19
XLK,2022/02/08,160.5
XLP,2022/02/08,76.32
XLU,2022/02/08,68.43
XLV,2022/02/08,133.15
XLY,2022/02/08,186.61
XOM,2022/02/08,80.26
ABBV,2022/02/09,143.2
ACN,2022/02/09,355.53
AEP,2022/02/09,89.38
AIZ,2022/02/09,166.56
ALLE,2022/02/09,125.18
AMAT,2022/02/09,144.2
AMP,2022/02/09,319.16
AMZN,2022/02/09,3223.79
AVB,2022/02/09,248.75
AVY,2022/02/09,188.83
AXP,2022/02/09,196.4
BDX,2022/02/09,277.24
BF-B,2022/02/09,67.96
BMY,2022/02/09,67.14
BR,2022/02/09,150.86
CARR,2022/02/09,47.98
CDW,2022/02/09,189.96
CE,2022/02/09,160.6
CHTR,2022/02/09,614.75
CNC,2022/02/09,85.95
CNP,2022/02/09,28.25
COP,2022/02/09,92.95
CTAS,2022/02/09,391.57
CZR,2022/02/09,86.87
DG,2022/02/09,205.79
DPZ,2022/02/09,444.76
DRE,2022/02/09,58.54
DXC,2022/02/09,38.63
EWA,2022/02/09,24.12
EWC,2022/02/09,39.28
EWG,2022/02/09,32.62
EWH,2022/02/09,24.57
EWJ,2022/02/09,65.52
EWL,2022/02/09,49.72
EWQ,2022/02/09,39.12
EWT,2022/02/09,66.25
EWU,2022/02/09,34.76
EWY,2022/02/09,74.5
EWZ,2022/02/09,32.22
FB,2022/02/09,232
FTV,2022/02/09,66.48
GOOG,2022/02/09,2829.06
GPC,2022/02/09,132.1
GSG,2022/02/09,19.63
HIG,2022/02/09,73.02
HIGH.L,2022/02/09,5.378
HST,2022/02/09,18.45
HYG,2022/02/09,84.06
IAU,2022/02/09,34.87
ICLN,2022/02/09,18.93
IEAA.L,2022/02/09,5.173
IEF,2022/02/09,111.02
IEFM.L,2022/02/09,791.45
IEMG,2022/02/09,60.78
IEUS,2022/02/09,65.95
IEVL.L,2022/02/09,7.688
IGF,2022/02/09,48.47
INDA,2022/02/09,45.68
IUMO.L,2022/02/09,11.705
IUVL.L,2022/02/09,9.408
IVV,2022/02/09,459.5
IWM,2022/02/09,206.61
IXN,2022/02/09,60.23
JPEA.L,2022/02/09,5.734
JPM,2022/02/09,156.6
KR,2022/02/09,45.15
LQD,2022/02/09,125.63
MCHI,2022/02/09,64.04
MVEU.L,2022/02/09,53.19
OGN,2022/02/09,34.59
PG,2022/02/09,159.6
PPL,2022/02/09,29.53
PRU,2022/02/09,121.19
PYPL,2022/02/09,122.94
RE,2022/02/09,289.12
REET,2022/02/09,28.6
ROL,2022/02/09,31.35
ROST,2022/02/09,97.42
SEGA.L,2022/02/09,106.61
SHY,2022/02/09,84.62
SLV,2022/02/09,21.53
SPMV.L,2022/02/09,81.13
TLT,2022/02/09,138.43
UNH,2022/02/09,498.1
URI,2022/02/09,334.19
V,2022/02/09,230.87
VRSK,2022/02/09,199.06
VXX,2022/02/09,18.71
WRK,2022/02/09,47.4
XLB,2022/02/09,85.82
XLC,2022/02/09,71.87
XLE,2022/02/09,68.85
XLF,2022/02/09,41.04
XLI,2022/02/09,102.58
XLK,2022/02/09,164.06
XLP,2022/02/09,76.34
XLU,2022/02/09,68.73
XLV,2022/02/09,134.18
XLY,2022/02/09,189.08
XOM,2022/02/09,79
ABBV,2022/02/10,142.71
ACN,2022/02/10,342.39
AEP,2022/02/10,87.39
AIZ,2022/02/10,162.57
ALLE,2022/02/10,120.69
AMAT,2022/02/10,139.77
AMP,2022/02/10,315.9
AMZN,2022/02/10,3180.07
AVB,2022/02/10,242
AVY,2022/02/10,186.74
AXP,2022/02/10,195.51
BDX,2022/02/10,271.94
BF-B,2022/02/10,67.28
BMY,2022/02/10,66.51
BR,2022/02/10,146.45
CARR,2022/02/10,47.15
CDW,2022/02/10,183.37
CE,2022/02/10,160.02
CHTR,2022/02/10,606.52
CNC,2022/02/10,84.15
CNP,2022/02/10,27.62
COP,2022/02/10,91.91
CTAS,2022/02/10,381.65
CZR,2022/02/10,86.49
DG,2022/02/10,202.1
DPZ,2022/02/10,438.58
DRE,2022/02/10,55.95
DXC,2022/02/10,37.81
EWA,2022/02/10,23.9
EWC,2022/02/10,38.92
EWG,2022/02/10,32.25
EWH,2022/02/10,24.47
EWJ,2022/02/10,64.48
EWL,2022/02/10,48.99
EWQ,2022/02/10,38.53
EWT,2022/02/10,65.95
EWU,2022/02/10,34.62
EWY,2022/02/10,73.64
EWZ,2022/02/10,32.43
FB,2022/02/10,228.07
FTV,2022/02/10,65.76
GOOG,2022/02/10,2772.05
GPC,2022/02/10,127.39
GSG,2022/02/10,19.5
HIG,2022/02/10,72.96
HIGH.L,2022/02/10,5.366
HST,2022/02/10,18.54
HYG,2022/02/10,82.95
IAU,2022/02/10,34.73
ICLN,2022/02/10,18.45
IEAA.L,2022/02/10,5.153
IEF,2022/02/10,110
IEFM.L,2022/02/10,786.6
IEMG,2022/02/10,60.35
IEUS,2022/02/10,65.04
IEVL.L,2022/02/10,7.706
IGF,2022/02/10,47.96
INDA,2022/02/10,45.06
IUMO.L,2022/02/10,11.745
IUVL.L,2022/02/10,9.432
IVV,2022/02/10,451.38
IWM,2022/02/10,203.44
IXN,2022/02/10,58.73
JPEA.L,2022/02/10,5.699
JPM,2022/02/10,155.95
KR,2022/02/10,45.17
LQD,2022/02/10,123.92
MCHI,2022/02/10,63.5
MVEU.L,2022/02/10,53.025
OGN,2022/02/10,34.45
PG,2022/02/10,157.17
PPL,2022/02/10,28.8
PRU,2022/02/10,121.38
PYPL,2022/02/10,119.02
RE,2022/02/10,291.44
REET,2022/02/10,28.17
ROL,2022/02/10,30.93
ROST,2022/02/10,96.57
SEGA.L,2022/02/10,105.77
SHY,2022/02/10,84.19
SLV,2022/02/10,21.42
SPMV.L,2022/02/10,80.33
TLT,2022/02/10,136.23
UNH,2022/02/10,486.72
URI,2022/02/10,325.68
V,2022/02/10,225.59
VRSK,2022/02/10,194.69
VXX,2022/02/10,20.46
WRK,2022/02/10,46.67
XLB,2022/02/10,85.32
XLC,2022/02/10,70.84
XLE,2022/02/10,68.42
XLF,2022/02/10,40.68
XLI,2022/02/10,100.9
XLK,2022/02/10,159.77
XLP,2022/02/10,75.52
XLU,2022/02/10,66.99
XLV,2022/02/10,132.08
XLY,2022/02/10,185.82
XOM,2022/02/10,78.24
ABBV,2022/02/11,142.01
ACN,2022/02/11,329.18
AEP,2022/02/11,87.65
AIZ,2022/02/11,161.93
ALLE,2022/02/11,118.87
AMAT,2022/02/11,132.49
AMP,2022/02/11,304
AMZN,2022/02/11,3065.87
AVB,2022/02/11,240.67
AVY,2022/02/11,183.49
AXP,2022/02/11,191.81
BDX,2022/02/11,269.98
BF-B,2022/02/11,67.19
BMY,2022/02/11,66.88
BR,2022/02/11,144.62
CARR,2022/02/11,45.5
CDW,2022/02/11,178.75
CE,2022/02/11,155.57
CHTR,2022/02/11,604.73
CNC,2022/02/11,83.32
CNP,2022/02/11,27.4
COP,2022/02/11,93.52
CTAS,2022/02/11,375.53
CZR,2022/02/11,83.74
DG,2022/02/11,200.63
DPZ,2022/02/11,431.52
DRE,2022/02/11,55.21
DXC,2022/02/11,36.84
EWA,2022/02/11,23.66
EWC,2022/02/11,38.84
EWG,2022/02/11,31.57
EWH,2022/02/11,24.31
EWJ,2022/02/11,63.96
EWL,2022/02/11,48.65
EWQ,2022/02/11,37.36
EWT,2022/02/11,65.26
EWU,2022/02/11,34.46
EWY,2022/02/11,72.9
EWZ,2022/02/11,32.52
FB,2022/02/11,219.55
FTV,2022/02/11,65.26
GOOG,2022/02/11,2682.6
GPC,2022/02/11,126.69
GSG,2022/02/11,19.93
HIG,2022/02/11,71.54
HIGH.L,2022/02/11,5.357
HST,2022/02/11,18.06
HYG,2022/02/11,82.66
IAU,2022/02/11,35.41
ICLN,2022/02/11,17.97
IEAA.L,2022/02/11,5.146
IEF,2022/02/11,111.14
IEFM.L,2022/02/11,772
IEMG,2022/02/11,59.43
IEUS,2022/02/11,63.79
IEVL.L,2022/02/11,7.716
IGF,2022/02/11,47.69
INDA,2022/02/11,44.17
IUMO.L,2022/02/11,11.45
IUVL.L,2022/02/11,9.35
IVV,2022/02/11,442.35
IWM,2022/02/11,201.38
IXN,2022/02/11,57.06
JPEA.L,2022/02/11,5.651
JPM,2022/02/11,153.92
KR,2022/02/11,46.27
LQD,2022/02/11,124.84
MCHI,2022/02/11,62.22
MVEU.L,2022/02/11,52.73
OGN,2022/02/11,34.72
PG,2022/02/11,156.29
PPL,2022/02/11,28.66
PRU,2022/02/11,119.86
PYPL,2022/02/11,115.29
RE,2022/02/11,294.93
REET,2022/02/11,27.9
ROL,2022/02/11,30.73
ROST,2022/02/11,94.27
SEGA.L,2022/02/11,105.12
SHY,2022/02/11,84.45
SLV,2022/02/11,21.83
SPMV.L,2022/02/11,79.42
TLT,2022/02/11,138.25
UNH,2022/02/11,478.13
URI,2022/02/11,312.91
V,2022/02/11,224.69
VRSK,2022/02/11,192.91
VXX,2022/02/11,23.24
WRK,2022/02/11,46.46
XLB,2022/02/11,84
XLC,2022/02/11,69.31
XLE,2022/02/11,70.41
XLF,2022/02/11,40.11
XLI,2022/02/11,99.36
XLK,2022/02/11,154.89
XLP,2022/02/11,75.25
XLU,2022/02/11,67.03
XLV,2022/02/11,130.25
XLY,2022/02/11,180.48
XOM,2022/02/11,80.21
ABBV,2022/02/14,143
ACN,2022/02/14,326.13
AEP,2022/02/14,86.18
AIZ,2022/02/14,161.99
ALLE,2022/02/14,118.33
AMAT,2022/02/14,131.86
AMP,2022/02/14,300.95
AMZN,2022/02/14,3103.34
AVB,2022/02/14,238.15
AVY,2022/02/14,181.78
AXP,2022/02/14,192.35
BDX,2022/02/14,268.9
BF-B,2022/02/14,66.37
BMY,2022/02/14,66.81
BR,2022/02/14,144.84
CARR,2022/02/14,44.79
CDW,2022/02/14,176.1
CE,2022/02/14,154.17
CHTR,2022/02/14,607.94
CNC,2022/02/14,82.01
CNP,2022/02/14,26.91
COP,2022/02/14,91.55
CTAS,2022/02/14,370.5
CZR,2022/02/14,81.23
DG,2022/02/14,200.61
DPZ,2022/02/14,430.71
DRE,2022/02/14,54.55
DXC,2022/02/14,36.68
EWA,2022/02/14,23.71
EWC,2022/02/14,38.51
EWG,2022/02/14,31.23
EWH,2022/02/14,24.16
EWJ,2022/02/14,63.96
EWL,2022/02/14,48.21
EWQ,2022/02/14,36.97
EWT,2022/02/14,64.6
EWU,2022/02/14,34.1
EWY,2022/02/14,72.24
EWZ,2022/02/14,32.77
FB,2022/02/14,217.7
FTV,2022/02/14,65.05
GOOG,2022/02/14,2706
GPC,2022/02/14,127.06
GSG,2022/02/14,20.06
HIG,2022/02/14,69.66
HIGH.L,2022/02/14,5.345
HST,2022/02/14,17.93
HYG,2022/02/14,82.52
IAU,2022/02/14,35.58
ICLN,2022/02/14,17.83
IEAA.L,2022/02/14,5.149
IEF,2022/02/14,110.37
IEFM.L,2022/02/14,753.7
IEMG,2022/02/14,59
IEUS,2022/02/14,63.11
IEVL.L,2022/02/14,7.567
IGF,2022/02/14,47.12
INDA,2022/02/14,43.4
IUMO.L,2022/02/14,11.175
IUVL.L,2022/02/14,9.145
IVV,2022/02/14,440.91
IWM,2022/02/14,200.68
IXN,2022/02/14,56.8
JPEA.L,2022/02/14,5.643
JPM,2022/02/14,152.49
KR,2022/02/14,45.69
LQD,2022/02/14,123.73
MCHI,2022/02/14,61.74
MVEU.L,2022/02/14,52.18
OGN,2022/02/14,34.38
PG,2022/02/14,156.74
PPL,2022/02/14,28.35
PRU,2022/02/14,115.8
PYPL,2022/02/14,114.12
RE,2022/02/14,293.12
REET,2022/02/14,27.68
ROL,2022/02/14,30.84
ROST,2022/02/14,94.27
SEGA.L,2022/02/14,104.98
SHY,2022/02/14,84.27
SLV,2022/02/14,22.05
SPMV.L,2022/02/14,77.88
TLT,2022/02/14,136.53
UNH,2022/02/14,474.4
URI,2022/02/14,313.25
V,2022/02/14,225.34
VRSK,2022/02/14,191.81
VXX,2022/02/14,23.31
WRK,2022/02/14,45.79
XLB,2022/02/14,83.31
XLC,2022/02/14,69.32
XLE,2022/02/14,68.75
XLF,2022/02/14,39.66
XLI,2022/02/14,98.99
XLK,2022/02/14,154.84
XLP,2022/02/14,75.04
XLU,2022/02/14,66.46
XLV,2022/02/14,128.92
XLY,2022/02/14,181.51
XOM,2022/02/14,78.98
ABBV,2022/02/15,144.76
ACN,2022/02/15,329.41
AEP,2022/02/15,85.44
AIZ,2022/02/15,165.67
ALLE,2022/02/15,117.09
AMAT,2022/02/15,139.84
AMP,2022/02/15,308.49
AMZN,2022/02/15,3130.21
AVB,2022/02/15,239.96
AVY,2022/02/15,184.57
AXP,2022/02/15,197.98
BDX,2022/02/15,271.15
BF-B,2022/02/15,66.45
BMY,2022/02/15,67.77
BR,2022/02/15,147.63
CARR,2022/02/15,45.75
CDW,2022/02/15,183.62
CE,2022/02/15,158.31
CHTR,2022/02/15,609.45
CNC,2022/02/15,84.08
CNP,2022/02/15,26.89
COP,2022/02/15,89.68
CTAS,2022/02/15,377.75
CZR,2022/02/15,84.18
DG,2022/02/15,199.15
DPZ,2022/02/15,432
DRE,2022/02/15,54
DXC,2022/02/15,37.36
EWA,2022/02/15,24.1
EWC,2022/02/15,38.85
EWG,2022/02/15,32.17
EWH,2022/02/15,24.49
EWJ,2022/02/15,64.67
EWL,2022/02/15,48.93
EWQ,2022/02/15,37.99
EWT,2022/02/15,65.72
EWU,2022/02/15,34.48
EWY,2022/02/15,72.8
EWZ,2022/02/15,33.31
FB,2022/02/15,221
FTV,2022/02/15,65.69
GOOG,2022/02/15,2728.51
GPC,2022/02/15,129.01
GSG,2022/02/15,19.7
HIG,2022/02/15,71.01
HIGH.L,2022/02/15,5.351
HST,2022/02/15,18.72
HYG,2022/02/15,82.66
IAU,2022/02/15,35.23
ICLN,2022/02/15,18.73
IEAA.L,2022/02/15,5.138
IEF,2022/02/15,110.04
IEFM.L,2022/02/15,769.9
IEMG,2022/02/15,60.22
IEUS,2022/02/15,64.9
IEVL.L,2022/02/15,7.672
IGF,2022/02/15,47.53
INDA,2022/02/15,44.92
IUMO.L,2022/02/15,11.315
IUVL.L,2022/02/15,9.252
IVV,2022/02/15,448
IWM,2022/02/15,206.06
IXN,2022/02/15,58.53
JPEA.L,2022/02/15,5.672
JPM,2022/02/15,154.72
KR,2022/02/15,46.41
LQD,2022/02/15,123.11
MCHI,2022/02/15,63.16
MVEU.L,2022/02/15,52.72
OGN,2022/02/15,35.22
PG,2022/02/15,156.82
PPL,2022/02/15,28.25
PRU,2022/02/15,118
PYPL,2022/02/15,115.46
RE,2022/02/15,300.63
REET,2022/02/15,27.92
ROL,2022/02/15,31.3
ROST,2022/02/15,96.19
SEGA.L,2022/02/15,104.98
SHY,2022/02/15,84.3
SLV,2022/02/15,21.61
SPMV.L,2022/02/15,78.81
TLT,2022/02/15,134.98
UNH,2022/02/15,478.23
URI,2022/02/15,322.87
V,2022/02/15,227.82
VRSK,2022/02/15,194.27
VXX,2022/02/15,21.39
WRK,2022/02/15,47.44
XLB,2022/02/15,84.84
XLC,2022/02/15,70.29
XLE,2022/02/15,68.03
XLF,2022/02/15,40.2
XLI,2022/02/15,100.48
XLK,2022/02/15,158.91
XLP,2022/02/15,75.17
XLU,2022/02/15,66.15
XLV,2022/02/15,130.37
XLY,2022/02/15,185.57
XOM,2022/02/15,77.99
ABBV,2022/02/16,145.87
ACN,2022/02/16,333.72
AEP,2022/02/16,85.41
AIZ,2022/02/16,167.2
ALLE,2022/02/16,115.24
AMAT,2022/02/16,140.96
AMP,2022/02/16,312.11
AMZN,2022/02/16,3162.01
AVB,2022/02/16,239.87
AVY,2022/02/16,184.67
AXP,2022/02/16,198.38
BDX,2022/02/16,271.13
BF-B,2022/02/16,66.6
BMY,2022/02/16,67.6
BR,2022/02/16,145.97
CARR,2022/02/16,45.65
CDW,2022/02/16,185.48
CE,2022/02/16,156.09
CHTR,2022/02/16,609.46
CNC,2022/02/16,84.22
CNP,2022/02/16,26.88
COP,2022/02/16,90.21
CTAS,2022/02/16,378.57
CZR,2022/02/16,85.42
DG,2022/02/16,197.35
DPZ,2022/02/16,433.34
DRE,2022/02/16,53.87
DXC,2022/02/16,37.35
EWA,2022/02/16,24.36
EWC,2022/02/16,38.72
EWG,2022/02/16,32.22
EWH,2022/02/16,24.65
EWJ,2022/02/16,64.68
EWL,2022/02/16,49.17
EWQ,2022/02/16,38.1
EWT,2022/02/16,66.23
EWU,2022/02/16,34.66
EWY,2022/02/16,73.68
EWZ,2022/02/16,33.64
FB,2022/02/16,216.54
FTV,2022/02/16,65.36
GOOG,2022/02/16,2749.75
GPC,2022/02/16,129.96
GSG,2022/02/16,19.63
HIG,2022/02/16,71.22
HIGH.L,2022/02/16,5.367
HST,2022/02/16,19.31
HYG,2022/02/16,83.12
IAU,2022/02/16,35.61
ICLN,2022/02/16,18.74
IEAA.L,2022/02/16,5.15
IEF,2022/02/16,110.27
IEFM.L,2022/02/16,769.3
IEMG,2022/02/16,60.73
IEUS,2022/02/16,64.69
IEVL.L,2022/02/16,7.65
IGF,2022/02/16,47.67
INDA,2022/02/16,44.93
IUMO.L,2022/02/16,11.288
IUVL.L,2022/02/16,9.25
IVV,2022/02/16,448.51
IWM,2022/02/16,206.49
IXN,2022/02/16,58.52
JPEA.L,2022/02/16,5.676
JPM,2022/02/16,155
KR,2022/02/16,44.57
LQD,2022/02/16,123.29
MCHI,2022/02/16,63.25
MVEU.L,2022/02/16,52.7
OGN,2022/02/16,36.34
PG,2022/02/16,158.01
PPL,2022/02/16,28.23
PRU,2022/02/16,118.16
PYPL,2022/02/16,110.54
RE,2022/02/16,303.08
REET,2022/02/16,28.18
ROL,2022/02/16,31.37
ROST,2022/02/16,95.7
SEGA.L,2022/02/16,105.06
SHY,2022/02/16,84.41
SLV,2022/02/16,21.87
SPMV.L,2022/02/16,78.225
TLT,2022/02/16,135.78
UNH,2022/02/16,480.05
URI,2022/02/16,325.12
V,2022/02/16,228.82
VRSK,2022/02/16,194.07
VXX,2022/02/16,20.53
WRK,2022/02/16,47.16
XLB,2022/02/16,85.46
XLC,2022/02/16,69.8
XLE,2022/02/16,68.58
XLF,2022/02/16,40.23
XLI,2022/02/16,101.01
XLK,2022/02/16,158.75
XLP,2022/02/16,75.31
XLU,2022/02/16,66.3
XLV,2022/02/16,130.57
XLY,2022/02/16,186.1
XOM,2022/02/16,78.35
ABBV,2022/02/17,144.97
ACN,2022/02/17,322.91
AEP,2022/02/17,85.49
AIZ,2022/02/17,166.02
ALLE,2022/02/17,114.59
AMAT,2022/02/17,136.47
AMP,2022/02/17,299.4
AMZN,2022/02/17,3093.05
AVB,2022/02/17,236.14
AVY,2022/02/17,182.7
AXP,2022/02/17,195.71
BDX,2022/02/17,266.15
BF-B,2022/02/17,65.98
BMY,2022/02/17,67.39
BR,2022/02/17,142.38
CARR,2022/02/17,44.58
CDW,2022/02/17,182.28
CE,2022/02/17,152.93
CHTR,2022/02/17,597.83
CNC,2022/02/17,82.81
CNP,2022/02/17,26.81
COP,2022/02/17,91.16
CTAS,2022/02/17,370.64
CZR,2022/02/17,81.92
DG,2022/02/17,197.12
DPZ,2022/02/17,430.53
DRE,2022/02/17,53.01
DXC,2022/02/17,35.79
EWA,2022/02/17,24.17
EWC,2022/02/17,38.21
EWG,2022/02/17,31.61
EWH,2022/02/17,24.48
EWJ,2022/02/17,63.73
EWL,2022/02/17,48.35
EWQ,2022/02/17,37.57
EWT,2022/02/17,65.28
EWU,2022/02/17,34.3
EWY,2022/02/17,73.1
EWZ,2022/02/17,32.91
FB,2022/02/17,207.71
FTV,2022/02/17,63.37
GOOG,2022/02/17,2646.17
GPC,2022/02/17,127.61
GSG,2022/02/17,19.77
HIG,2022/02/17,70.62
HIGH.L,2022/02/17,5.349
HST,2022/02/17,19.3
HYG,2022/02/17,82.77
IAU,2022/02/17,36.1
ICLN,2022/02/17,18.48
IEAA.L,2022/02/17,5.149
IEF,2022/02/17,110.86
IEFM.L,2022/02/17,759.65
IEMG,2022/02/17,60.01
IEUS,2022/02/17,63.59
IEVL.L,2022/02/17,7.611
IGF,2022/02/17,47.71
INDA,2022/02/17,44.6
IUMO.L,2022/02/17,11.168
IUVL.L,2022/02/17,9.19
IVV,2022/02/17,439.1
IWM,2022/02/17,201.2
IXN,2022/02/17,56.67
JPEA.L,2022/02/17,5.664
JPM,2022/02/17,151.43
KR,2022/02/17,45.23
LQD,2022/02/17,123.38
MCHI,2022/02/17,62.76
MVEU.L,2022/02/17,52.49
OGN,2022/02/17,36.37
PG,2022/02/17,159.82
PPL,2022/02/17,28.14
PRU,2022/02/17,114.25
PYPL,2022/02/17,105.2
RE,2022/02/17,302.76
REET,2022/02/17,28.06
ROL,2022/02/17,31.19
ROST,2022/02/17,91.75
SEGA.L,2022/02/17,105.11
SHY,2022/02/17,84.46
SLV,2022/02/17,22.04
SPMV.L,2022/02/17,78
TLT,2022/02/17,136.79
UNH,2022/02/17,470.34
URI,2022/02/17,314.21
V,2022/02/17,224.61
VRSK,2022/02/17,190.3
VXX,2022/02/17,22.96
WRK,2022/02/17,46.51
XLB,2022/02/17,84
XLC,2022/02/17,67.94
XLE,2022/02/17,68.47
XLF,2022/02/17,39.23
XLI,2022/02/17,99.16
XLK,2022/02/17,154
XLP,2022/02/17,75.89
XLU,2022/02/17,66.34
XLV,2022/02/17,128.47
XLY,2022/02/17,181.12
XOM,2022/02/17,78.23
ABBV,2022/02/18,144.03
ACN,2022/02/18,321.18
AEP,2022/02/18,85.71
AIZ,2022/02/18,165.54
ALLE,2022/02/18,114.13
AMAT,2022/02/18,133.35
AMP,2022/02/18,300.56
AMZN,2022/02/18,3052.03
AVB,2022/02/18,235.09
AVY,2022/02/18,180.87
AXP,2022/02/18,194.88
BDX,2022/02/18,264.04
BF-B,2022/02/18,66.52
BMY,2022/02/18,67.55
BR,2022/02/18,142.38
CARR,2022/02/18,44.08
CDW,2022/02/18,181.76
CE,2022/02/18,144.25
CHTR,2022/02/18,596.83
CNC,2022/02/18,82.06
CNP,2022/02/18,26.61
COP,2022/02/18,89.63
CTAS,2022/02/18,371.57
CZR,2022/02/18,79.28
DG,2022/02/18,199.97
DPZ,2022/02/18,435.62
DRE,2022/02/18,52.92
DXC,2022/02/18,35.62
EWA,2022/02/18,23.98
EWC,2022/02/18,37.75
EWG,2022/02/18,31.2
EWH,2022/02/18,24.37
EWJ,2022/02/18,63.63
EWL,2022/02/18,48.3
EWQ,2022/02/18,37.51
EWT,2022/02/18,65.46
EWU,2022/02/18,34.27
EWY,2022/02/18,72.98
EWZ,2022/02/18,32.92
FB,2022/02/18,206.16
FTV,2022/02/18,63.75
GOOG,2022/02/18,2609.35
GPC,2022/02/18,126.86
GSG,2022/02/18,19.84
HIG,2022/02/18,70.53
HIGH.L,2022/02/18,5.331
HST,2022/02/18,19.11
HYG,2022/02/18,82.89
IAU,2022/02/18,36.06
ICLN,2022/02/18,18.14
IEAA.L,2022/02/18,5.155
IEF,2022/02/18,111.22
IEFM.L,2022/02/18,752.3
IEMG,2022/02/18,59.5
IEUS,2022/02/18,62.84
IEVL.L,2022/02/18,7.54
IGF,2022/02/18,47.34
INDA,2022/02/18,44.6
IUMO.L,2022/02/18,10.892
IUVL.L,2022/02/18,9.082
IVV,2022/02/18,436.07
IWM,2022/02/18,199.47
IXN,2022/02/18,56.14
JPEA.L,2022/02/18,5.646
JPM,2022/02/18,152.14
KR,2022/02/18,45.59
LQD,2022/02/18,123.68
MCHI,2022/02/18,61.57
MVEU.L,2022/02/18,52.33
OGN,2022/02/18,36.09
PG,2022/02/18,159.9
PPL,2022/02/18,26.1
PRU,2022/02/18,114.07
PYPL,2022/02/18,103.65
RE,2022/02/18,304.42
REET,2022/02/18,27.9
ROL,2022/02/18,31.13
ROST,2022/02/18,93.47
SHY,2022/02/18,84.47
SLV,2022/02/18,22.12
SPMV.L,2022/02/18,77.345
TLT,2022/02/18,138.23
UNH,2022/02/18,467.81
URI,2022/02/18,311.82
V,2022/02/18,222.69
VRSK,2022/02/18,189.3
VXX,2022/02/18,23.45
WRK,2022/02/18,46.65
XLB,2022/02/18,83.86
XLC,2022/02/18,67.41
XLE,2022/02/18,68.05
XLF,2022/02/18,39.22
XLI,2022/02/18,98.34
XLK,2022/02/18,152.44
XLP,2022/02/18,76.03
XLU,2022/02/18,66.22
XLV,2022/02/18,127.51
XLY,2022/02/18,180
XOM,2022/02/18,77.36
HIGH.L,2022/02/21,5.322
IEAA.L,2022/02/21,5.146
IEFM.L,2022/02/21,738.55
IEVL.L,2022/02/21,7.445
IUMO.L,2022/02/21,10.732
IUVL.L,2022/02/21,9.012
JPEA.L,2022/02/21,5.6
MVEU.L,2022/02/21,51.73
SEGA.L,2022/02/21,104.83
SPMV.L,2022/02/21,76.72
ABBV,2022/02/22,145.56
ACN,2022/02/22,321.11
AEP,2022/02/22,85.99
AIZ,2022/02/22,165.12
ALLE,2022/02/22,113.51
AMAT,2022/02/22,130.26
AMP,2022/02/22,297.4
AMZN,2022/02/22,3003.95
AVB,2022/02/22,236.25
AVY,2022/02/22,178.47
AXP,2022/02/22,192.44
BDX,2022/02/22,264.16
BF-B,2022/02/22,65.9
BMY,2022/02/22,67.45
BR,2022/02/22,142.88
CARR,2022/02/22,45.29
CDW,2022/02/22,177.99
CE,2022/02/22,144.07
CHTR,2022/02/22,595.5
CNC,2022/02/22,81.33
CNP,2022/02/22,27.2
COP,2022/02/22,87.83
CTAS,2022/02/22,370
CZR,2022/02/22,76.57
DG,2022/02/22,191.94
DPZ,2022/02/22,422.11
DRE,2022/02/22,52.76
DXC,2022/02/22,35.14
EWA,2022/02/22,24.12
EWC,2022/02/22,37.54
EWG,2022/02/22,30.42
EWH,2022/02/22,23.73
EWJ,2022/02/22,63.12
EWL,2022/02/22,47.89
EWQ,2022/02/22,36.66
EWT,2022/02/22,64.7
EWU,2022/02/22,34.09
EWY,2022/02/22,72.77
EWZ,2022/02/22,33.45
FB,2022/02/22,202.08
FTV,2022/02/22,63.7
GOOG,2022/02/22,2588.05
GPC,2022/02/22,123.59
GSG,2022/02/22,20.17
HIG,2022/02/22,70.31
HIGH.L,2022/02/22,5.34
HST,2022/02/22,18.59
HYG,2022/02/22,82.7
IAU,2022/02/22,36.15
ICLN,2022/02/22,17.69
IEAA.L,2022/02/22,5.129
IEF,2022/02/22,111.21
IEFM.L,2022/02/22,743.05
IEMG,2022/02/22,58.64
IEUS,2022/02/22,61.555
IEVL.L,2022/02/22,7.451
IGF,2022/02/22,47
INDA,2022/02/22,44.35
IUMO.L,2022/02/22,10.78
IUVL.L,2022/02/22,9.039
IVV,2022/02/22,431.34
IWM,2022/02/22,196.66
IXN,2022/02/22,55.6
JPEA.L,2022/02/22,5.616
JPM,2022/02/22,151.87
KR,2022/02/22,45.04
LQD,2022/02/22,123.52
MCHI,2022/02/22,59.92
MVEU.L,2022/02/22,51.615
OGN,2022/02/22,35.98
PG,2022/02/22,157.93
PPL,2022/02/22,26.81
PRU,2022/02/22,112.76
PYPL,2022/02/22,103.17
RE,2022/02/22,300.44
REET,2022/02/22,27.75
ROL,2022/02/22,30.99
ROST,2022/02/22,92.24
SEGA.L,2022/02/22,104.77
SHY,2022/02/22,84.39
SLV,2022/02/22,22.31
SPMV.L,2022/02/22,77.13
TLT,2022/02/22,138.59
UNH,2022/02/22,462.51
URI,2022/02/22,312.32
V,2022/02/22,221.32
VRSK,2022/02/22,186.44
VXX,2022/02/22,23.36
WRK,2022/02/22,46.47
XLB,2022/02/22,82.67
XLC,2022/02/22,66.72
XLE,2022/02/22,66.95
XLF,2022/02/22,39.02
XLI,2022/02/22,97.39
XLK,2022/02/22,151.03
XLP,2022/02/22,75.44
XLU,2022/02/22,66.15
XLV,2022/02/22,127.19
XLY,2022/02/22,174.75
XOM,2022/02/22,76.46
